participant_id,age,gender,education_level,annual_income,satisfaction_score,health_index,sleep_hours,exercise_days,stress_level,city,employment_status
P001,34,Female,Bachelor's,52000,7.2,78,7.1,3,4,Nashville,Full-time
P002,28,Male,Master's,68000,8.1,85,6.8,5,3,Memphis,Full-time
P003,45,Female,PhD,91000,6.8,72,6.2,2,6,Nashville,Full-time
P004,52,Male,High School,38000,5.5,65,5.8,1,7,Knoxville,Part-time
P005,31,Female,Bachelor's,47000,7.8,81,7.5,4,3,Chattanooga,Full-time
P006,29,Male,Master's,74000,8.4,88,7.0,6,2,Nashville,Full-time
P007,41,Female,PhD,102000,7.1,76,6.5,3,5,Memphis,Full-time
P008,38,Male,Bachelor's,55000,6.3,70,6.0,2,6,Knoxville,Full-time
P009,25,Female,Some College,31000,6.9,79,8.0,4,4,Chattanooga,Part-time
P010,57,Male,Master's,83000,7.5,68,6.3,3,5,Nashville,Full-time
P011,33,Female,Bachelor's,49000,8.0,84,7.3,5,2,Memphis,Full-time
P012,46,Male,High School,35000,5.2,61,5.5,1,8,Knoxville,Unemployed
P013,27,Female,Master's,61000,8.3,87,7.8,6,2,Nashville,Full-time
P014,39,Male,PhD,98000,7.6,80,6.7,4,4,Chattanooga,Full-time
P015,44,Female,Bachelor's,53000,6.5,73,6.1,2,6,Memphis,Full-time
P016,30,Male,Some College,29000,6.1,75,7.9,3,5,Knoxville,Part-time
P017,55,Female,Master's,77000,7.2,71,6.4,3,5,Nashville,Full-time
P018,36,Male,Bachelor's,58000,7.9,82,7.2,5,3,Chattanooga,Full-time
P019,23,Female,Some College,26000,7.0,80,8.2,4,3,Memphis,Part-time
P020,48,Male,PhD,110000,7.4,75,6.6,4,4,Nashville,Full-time
P021,32,Female,Master's,69000,8.5,89,7.4,6,2,Knoxville,Full-time
P022,42,Male,Bachelor's,51000,6.0,67,5.9,1,7,Chattanooga,Full-time
P023,26,Female,Bachelor's,43000,7.7,83,7.6,5,3,Nashville,Full-time
P024,50,Male,High School,33000,5.0,60,5.4,0,8,Memphis,Unemployed
P025,35,Female,PhD,95000,7.3,79,6.9,4,4,Nashville,Full-time
P026,29,Male,Bachelor's,46000,7.1,77,7.0,3,4,Knoxville,Full-time
P027,43,Female,Master's,72000,7.8,83,6.8,4,3,Chattanooga,Full-time
P028,37,Male,Some College,32000,5.8,66,6.2,2,6,Memphis,Part-time
P029,24,Female,Bachelor's,38000,7.6,81,8.1,5,3,Nashville,Full-time
P030,61,Male,Master's,86000,6.9,65,6.0,2,5,Knoxville,Retired
P031,40,Female,PhD,99000,7.2,77,6.7,3,5,Nashville,Full-time
P032,28,Male,Bachelor's,44000,7.4,80,7.3,4,3,Chattanooga,Full-time
P033,53,Female,High School,30000,5.6,63,5.7,1,7,Memphis,Part-time
P034,31,Male,Master's,66000,8.2,86,7.1,5,2,Nashville,Full-time
P035,47,Female,Bachelor's,54000,6.7,74,6.3,2,5,Knoxville,Full-time
P036,22,Male,Some College,24000,6.8,78,8.4,4,4,Chattanooga,Part-time
P037,38,Female,Master's,75000,8.0,85,7.0,5,3,Nashville,Full-time
P038,44,Male,PhD,105000,7.5,78,6.5,4,4,Memphis,Full-time
P039,33,Female,Bachelor's,48000,7.3,80,7.2,4,3,Nashville,Full-time
P040,59,Male,High School,36000,5.3,62,5.6,1,7,Knoxville,Retired
