participant_id,survey_date,age_group,gender,city,education_level,employment_status,wellbeing_index,life_satisfaction,stress_level,sleep_hours,exercise_days,screen_time_hours,social_support,meditates,has_pet,age,annual_income
P0001,2025-10-02,45-59,Male,Memphis,High School,Full-time,63.7,6,4,7.6,5,2.4,6,Yes,No,46,"$52,500"
P0002,2025-10-04,45-59,Female,Memphis,Some College,Full-time,68.1,6,5,7.5,2,4.3,4,No,No,51,"$47,000"
P0003,2025-10-05,30-44,Male,Franklin,PhD,Full-time,51.6,5,4,7.7,1,4.5,5,No,Yes,41,"$90,000"
P0004,2025-10-05,30-44,Male,Franklin,Bachelor's,Full-time,68.2,7,6,7.8,2,6.1,6,No,No,31,"$85,500"
P0005,2025-10-06,30-44,Male,Memphis,High School,Full-time,86.2,9,4,9.0,3,6.4,6,No,No,38,"$41,500"
P0006,2025-10-07,18-29,Male,Franklin,Bachelor's,Full-time,51.2,4,7,6.9,3,4.9,4,No,No,29,"$67,500"
P0007,2025-10-09,45-59,Female,Memphis,Master's,Full-time,70.6,7,6,,4,8.4,6,No,Yes,47,"$115,500"
P0008,2025-10-09,60-74,Female,Memphis,PhD,Retired,84.4,8,3,6.6,3,2.8,5,No,No,69,"$82,000"
P0009,2025-10-09,30-44,Male,Chattanooga,Bachelor's,Full-time,79.2,8,5,7.6,5,5.1,6,No,No,38,"$69,500"
P0010,2025-10-10,30-44,Male,Memphis,Master's,Part-time,99.0,10,3,8.3,7,6.4,7,Yes,Yes,35,"$45,500"
P0011,2025-10-12,45-59,Female,Memphis,Master's,Full-time,63.7,6,5,7.4,2,3.1,4,No,No,54,"$84,500"
P0012,2025-10-13,45-59,Male,Memphis,Some College,Full-time,57.1,5,5,8.2,4,6.2,3,Yes,Yes,52,"$91,500"
P0013,2025-10-14,45-59,Female,Memphis,High School,Part-time,56.5,6,5,7.3,0,6.5,5,No,No,48,"$30,500"
P0014,2025-10-15,30-44,Male,Nashville,Bachelor's,Part-time,83.1,7,3,8.8,4,5.7,7,Yes,Yes,30,"$27,000"
P0015,2025-10-15,45-59,Male,Nashville,High School,Self-employed,61.4,4,3,7.7,3,8.8,6,No,No,46,"$49,500"
P0016,2025-10-15,45-59,Female,Chattanooga,Some College,Self-employed,64.1,6,3,7.0,5,5.2,5,Yes,No,58,"$69,500"
P0017,2025-10-15,18-29,Male,Knoxville,PhD,Full-time,82.7,7,5,6.8,1,6.9,7,No,No,23,"$108,000"
P0018,2025-10-15,30-44,Female,Chattanooga,Bachelor's,Part-time,76.3,7,1,7.0,7,4.2,4,Yes,No,38,"$56,000"
P0019,2025-10-17,18-29,Male,Murfreesboro,Bachelor's,Full-time,74.1,6,4,6.4,3,3.8,6,No,Yes,18,"$82,000"
P0020,2025-10-17,18-29,Female,Nashville,PhD,Part-time,62.1,7,4,7.8,2,5.3,4,No,No,24,"$43,500"
P0021,2025-10-18,18-29,Female,Nashville,Some College,Student,67.6,6,6,7.8,3,6.1,5,No,No,18,
P0022,2025-10-18,30-44,Male,Memphis,PhD,Full-time,79.4,8,3,9.2,4,4.9,5,No,No,42,"$89,000"
P0023,2025-10-20,18-29,Male,Memphis,Master's,Full-time,71.9,7,5,7.2,4,7.7,7,No,No,24,"$84,500"
P0024,2025-10-20,45-59,Male,Chattanooga,Some College,Full-time,37.0,3,8,7.1,0,1.3,4,No,No,51,"$64,500"
P0025,2025-10-20,45-59,Female,Memphis,Some College,Full-time,55.5,4,5,6.7,6,3.5,4,No,No,49,"$113,000"
P0026,2025-10-21,30-44,Male,Memphis,High School,Full-time,67.0,7,2,8.9,2,2.5,,Yes,Yes,43,"$51,500"
P0027,2025-10-23,18-29,Male,Knoxville,Master's,Part-time,,8,4,7.6,5,8.9,6,No,No,18,"$23,500"
P0028,2025-10-25,30-44,Male,Nashville,High School,Part-time,73.2,8,5,7.0,4,4.9,4,Yes,No,37,"$20,500"
P0029,2025-10-26,45-59,Female,Nashville,High School,Full-time,80.5,10,3,8.3,3,4.7,5,Yes,No,45,"$53,000"
P0030,2025-10-29,45-59,Female,Chattanooga,Master's,Full-time,67.5,,6,7.8,1,3.6,4,Yes,Yes,48,"$77,000"
P0031,2025-10-30,18-29,Male,Chattanooga,Bachelor's,Self-employed,66.1,7,5,5.8,6,8.1,4,No,No,20,"$48,500"
P0032,2025-10-30,30-44,Male,Memphis,Bachelor's,Full-time,71.9,7,5,8.0,4,5.1,6,No,No,38,"$69,000"
P0033,2025-10-31,18-29,Female,Knoxville,Bachelor's,Full-time,51.5,5,5,7.4,1,6.6,5,No,No,29,"$74,000"
P0034,2025-11-01,30-44,Male,Nashville,High School,Full-time,73.6,7,4,7.5,3,2.6,6,No,Yes,32,"$44,000"
P0035,2025-11-02,60-74,Female,Memphis,High School,Full-time,46.1,4,5,7.0,1,6.8,6,No,Yes,64,"$43,500"
P0036,2025-11-02,30-44,Female,Knoxville,Bachelor's,Full-time,78.0,9,4,8.8,7,6.7,4,No,No,32,"$84,000"
P0037,2025-11-05,45-59,Male,Nashville,High School,Full-time,66.7,5,6,8.3,3,6.5,3,No,No,45,"$45,500"
P0038,2025-11-05,60-74,Female,Memphis,Bachelor's,Full-time,72.8,7,5,8.6,2,7.0,6,No,Yes,61,"$73,500"
P0039,2025-11-05,30-44,Female,Knoxville,Bachelor's,Full-time,72.9,8,4,6.7,4,5.6,5,No,Yes,36,"$54,500"
P0040,2025-11-06,30-44,Male,Knoxville,Bachelor's,Full-time,56.5,6,5,6.9,1,5.3,6,No,No,44,"$66,500"
P0041,2025-11-06,45-59,Male,Nashville,Bachelor's,Part-time,,4,5,8.0,5,6.7,2,No,Yes,48,"$47,500"
P0042,2025-11-07,45-59,Male,Chattanooga,High School,Full-time,53.9,5,3,6.8,3,6.2,3,No,No,47,
P0043,2025-11-07,18-29,Male,Nashville,High School,Part-time,66.2,6,3,7.1,7,5.9,2,No,No,25,"$20,500"
P0044,2025-11-09,45-59,Female,Franklin,Master's,Part-time,65.6,6,3,6.4,2,5.6,4,Yes,Yes,47,"$59,000"
P0045,2025-11-11,60-74,Male,Nashville,High School,Retired,99.0,10,2,9.4,2,3.7,6,Yes,Yes,69,"$27,000"
P0046,2025-11-12,18-29,Male,Nashville,Bachelor's,Full-time,73.5,7,4,8.2,3,7.8,6,No,No,20,"$65,500"
P0047,2025-11-12,60-74,Male,Nashville,High School,Unemployed,50.9,5,6,7.5,1,6.5,5,No,Yes,61,"$7,500"
P0048,2025-11-12,45-59,Male,Franklin,Master's,Full-time,77.6,8,2,8.1,4,5.4,5,Yes,Yes,48,"$135,000"
P0049,2025-11-12,30-44,Female,Memphis,High School,Full-time,65.2,6,4,7.0,4,9.2,6,Yes,No,35,"$59,500"
P0050,2025-11-13,75+,Male,Knoxville,Some College,Retired,81.5,9,2,7.9,4,1.5,5,Yes,No,80,"$36,000"
P0051,2025-11-13,45-59,Female,Franklin,Bachelor's,Full-time,68.7,6,3,8.3,0,4.6,5,No,No,59,"$56,000"
P0052,2025-11-14,18-29,Male,Franklin,Bachelor's,Full-time,74.3,8,3,6.9,5,9.2,5,Yes,No,26,"$52,500"
P0053,2025-11-17,45-59,Female,Nashville,Master's,Full-time,64.8,7,4,8.5,3,4.8,2,No,Yes,47,"$124,500"
P0054,2025-11-18,45-59,Female,Knoxville,Bachelor's,Full-time,47.3,5,7,7.0,3,2.4,4,No,Yes,56,"$120,000"
P0055,2025-11-19,30-44,Male,Knoxville,Some College,Full-time,63.3,6,3,6.9,0,8.0,7,Yes,No,43,"$63,500"
P0056,2025-11-20,45-59,Male,Chattanooga,High School,Part-time,53.4,5,4,8.5,2,6.0,4,No,No,58,"$35,000"
P0057,2025-11-22,45-59,Female,Memphis,Bachelor's,Full-time,71.1,6,5,7.5,3,3.5,5,No,Yes,45,"$70,000"
P0058,2025-11-23,45-59,Male,Memphis,PhD,Full-time,61.2,6,4,7.9,4,6.4,4,No,No,57,"$120,000"
P0059,2025-11-24,60-74,Female,Nashville,High School,Retired,62.5,7,4,7.5,1,2.8,4,No,Yes,70,"$29,000"
P0060,2025-11-24,30-44,Male,Nashville,Bachelor's,Full-time,48.4,6,7,5.5,2,3.7,6,No,Yes,35,
P0061,2025-11-24,45-59,Male,Knoxville,High School,Full-time,60.2,6,5,7.8,3,5.1,5,No,No,49,"$38,000"
P0062,2025-11-25,30-44,Female,Nashville,Some College,Unemployed,33.6,3,7,6.1,1,5.0,4,Yes,No,38,"$12,500"
P0063,2025-11-25,45-59,Male,Nashville,Bachelor's,Full-time,30.4,2,8,7.9,2,3.6,1,No,Yes,48,"$110,000"
P0064,2025-11-26,18-29,Female,Memphis,Bachelor's,Full-time,81.0,6,3,6.5,5,5.7,4,No,Yes,26,"$51,500"
P0065,2025-11-26,30-44,Female,Nashville,PhD,Full-time,40.9,3,8,5.6,4,4.2,2,No,Yes,36,"$83,000"
P0066,2025-11-27,30-44,Male,Nashville,Bachelor's,Full-time,48.4,4,6,7.5,0,5.7,3,Yes,Yes,43,"$85,000"
P0067,2025-11-28,60-74,Male,Franklin,Some College,Self-employed,78.0,7,6,7.6,2,4.9,6,No,No,61,"$51,500"
P0068,2025-11-28,60-74,Male,Memphis,Bachelor's,Unemployed,65.3,5,5,7.4,3,6.0,6,No,No,65,"$9,000"
P0069,2025-11-30,18-29,Male,Nashville,Some College,Student,46.8,5,7,6.2,3,5.6,2,No,No,24,"$13,000"
P0070,2025-11-30,30-44,Male,Chattanooga,Some College,Full-time,77.7,7,4,8.4,3,3.8,6,Yes,No,32,"$55,500"
P0071,2025-12-01,45-59,Male,Nashville,Some College,Full-time,75.5,6,4,6.7,4,2.8,5,No,No,57,"$56,000"
P0072,2025-12-01,18-29,Female,Nashville,Bachelor's,Full-time,70.9,9,7,6.7,7,6.2,4,No,No,18,"$96,500"
P0073,2025-12-02,30-44,Female,Franklin,Some College,Full-time,60.0,6,5,6.6,2,8.5,6,Yes,No,38,"$58,500"
P0074,2025-12-04,30-44,Female,Franklin,High School,Part-time,46.1,4,4,7.2,0,7.0,3,Yes,No,44,"$21,500"
P0075,2025-12-06,60-74,Female,Knoxville,High School,Retired,65.4,7,4,8.4,1,3.6,3,No,No,67,"$29,500"
P0076,2025-12-07,45-59,Female,Nashville,Some College,Full-time,50.6,4,7,6.5,2,6.6,3,No,No,58,"$49,500"
P0077,2025-12-08,30-44,Non-binary,Memphis,Some College,Full-time,37.5,5,6,7.8,1,3.8,3,Yes,Yes,40,
P0078,2025-12-11,30-44,Female,Nashville,Master's,Full-time,73.7,6,5,7.8,6,7.5,6,No,No,40,"$102,500"
P0079,2025-12-11,30-44,Female,Nashville,Master's,Full-time,31.8,2,8,5.7,1,5.0,3,No,Yes,42,"$85,000"
P0080,2025-12-11,60-74,Female,Nashville,Some College,Retired,50.2,5,6,6.3,3,5.8,3,No,Yes,72,"$31,000"
P0081,2025-12-14,30-44,Male,Nashville,Bachelor's,Full-time,56.2,5,3,7.3,5,6.9,4,No,No,39,"$109,500"
P0082,2025-12-14,30-44,Male,Knoxville,Master's,Full-time,83.9,9,3,7.3,7,5.2,5,No,Yes,41,"$115,000"
P0083,2025-12-15,45-59,Male,Nashville,Some College,Self-employed,56.2,4,4,7.8,2,5.8,4,No,No,52,
P0084,2025-12-15,30-44,Female,Nashville,Bachelor's,Full-time,61.2,6,4,6.2,2,3.8,6,Yes,Yes,44,
P0085,2025-12-15,30-44,Female,Franklin,Some College,Full-time,61.9,6,6,7.8,6,5.5,4,No,No,43,"$66,500"
P0086,2025-12-16,18-29,Male,Memphis,Bachelor's,Full-time,47.2,5,6,7.6,4,8.1,3,No,Yes,27,"$92,500"
P0087,2025-12-19,45-59,Male,Memphis,PhD,Unemployed,46.9,5,4,6.9,2,12.5,4,Yes,No,46,"$22,000"
P0088,2025-12-19,30-44,Male,Nashville,High School,Full-time,50.3,5,4,6.4,4,7.0,5,No,No,38,"$72,500"
P0089,2025-12-21,60-74,Female,Murfreesboro,PhD,Full-time,43.1,6,7,7.1,0,4.9,4,No,No,66,"$101,500"
P0090,2025-12-21,45-59,Male,Chattanooga,Bachelor's,Full-time,61.4,6,4,7.3,1,3.4,5,Yes,No,57,"$78,000"
P0091,2025-12-21,45-59,Female,Knoxville,Master's,Full-time,70.9,7,4,7.8,2,7.3,7,No,No,46,"$73,500"
P0092,2025-12-21,45-59,Male,Knoxville,Bachelor's,Full-time,58.1,6,6,7.4,2,2.3,4,No,Yes,57,
P0093,2025-12-25,30-44,Female,Nashville,Master's,Self-employed,78.3,8,2,8.5,3,4.4,5,No,No,40,"$100,500"
P0094,2025-12-26,60-74,Female,Memphis,Some College,Full-time,85.9,8,5,7.1,3,5.4,7,No,Yes,64,"$86,000"
P0095,2025-12-26,45-59,Male,Knoxville,Bachelor's,Part-time,73.5,7,5,8.6,5,3.5,4,No,Yes,46,"$35,000"
P0096,2025-12-27,45-59,Male,Franklin,High School,Full-time,38.4,3,6,5.3,4,7.7,4,No,No,56,"$53,000"
P0097,2025-12-28,18-29,Female,Murfreesboro,Bachelor's,Self-employed,63.9,5,3,6.7,6,8.3,3,No,No,24,"$57,000"
P0098,2025-12-30,45-59,Male,Chattanooga,Bachelor's,Full-time,63.2,6,4,8.0,2,4.3,5,No,No,52,"$70,000"
P0099,2025-12-30,18-29,Female,Knoxville,High School,Full-time,76.5,6,3,,4,5.7,6,No,No,18,"$30,000"
P0100,2025-12-30,18-29,Female,Nashville,High School,Full-time,65.6,7,5,8.0,1,4.4,5,Yes,Yes,18,"$39,500"
P0101,2025-12-31,30-44,Male,Franklin,Master's,Full-time,55.5,4,5,6.7,3,3.3,5,No,No,41,"$65,000"
P0102,2026-01-02,30-44,Female,Nashville,Master's,Full-time,81.4,10,4,7.5,1,6.9,7,Yes,Yes,31,"$88,500"
P0103,2026-01-06,45-59,Female,Nashville,Bachelor's,Full-time,65.4,8,6,6.5,6,6.5,6,No,No,49,"$82,500"
P0104,2026-01-07,75+,Male,Chattanooga,Some College,Retired,54.9,6,6,7.0,0,4.6,3,No,No,84,"$29,500"
P0105,2026-01-08,30-44,Male,Murfreesboro,Bachelor's,Full-time,76.0,7,2,7.9,4,6.5,5,Yes,No,32,"$56,500"
P0106,2026-01-10,30-44,Female,Murfreesboro,High School,Part-time,70.9,7,3,7.7,4,5.0,5,No,Yes,35,"$17,500"
P0107,2026-01-11,45-59,Male,Memphis,Bachelor's,Full-time,65.9,8,6,6.9,1,6.0,6,Yes,Yes,49,"$124,000"
P0108,2026-01-11,45-59,Male,Nashville,Bachelor's,Full-time,72.9,7,5,9.2,1,2.7,5,No,Yes,54,"$61,000"
P0109,2026-01-13,30-44,Female,Nashville,Bachelor's,Full-time,62.4,7,7,7.1,4,5.7,4,No,Yes,43,"$111,000"
P0110,2026-01-13,30-44,Female,Murfreesboro,Some College,Full-time,26.0,2,7,,4,8.2,4,No,No,42,"$67,500"
P0111,2026-01-14,45-59,Male,Franklin,High School,Full-time,57.9,7,5,,2,7.3,3,No,Yes,58,"$49,000"
P0112,2026-01-15,45-59,Female,Nashville,Bachelor's,Full-time,74.2,7,4,8.3,1,4.4,5,Yes,Yes,55,"$64,000"
P0113,2026-01-15,18-29,Male,Murfreesboro,Some College,Full-time,85.1,9,5,8.3,5,5.7,4,No,No,28,"$64,500"
P0114,2026-01-16,45-59,Female,Memphis,Bachelor's,Full-time,68.9,5,4,8.7,2,7.9,5,No,Yes,45,"$117,000"
P0115,2026-01-17,45-59,Male,Memphis,Some College,Full-time,50.0,4,3,6.8,4,8.5,4,No,No,47,"$50,500"
P0116,2026-01-17,18-29,Female,Knoxville,High School,Part-time,88.4,9,3,8.7,7,3.7,4,No,Yes,28,"$20,500"
P0117,2026-01-19,45-59,Female,Nashville,Bachelor's,Full-time,61.2,6,5,8.3,3,4.6,4,Yes,Yes,50,"$103,500"
P0118,2026-01-21,30-44,Male,Memphis,Bachelor's,Full-time,40.4,4,5,,1,6.5,3,No,No,31,"$75,500"
P0119,2026-01-22,60-74,Male,Nashville,Master's,Full-time,62.9,7,5,7.5,2,6.9,6,No,No,63,"$157,500"
P0120,2026-01-22,45-59,Female,Chattanooga,Master's,Full-time,65.1,6,3,5.6,3,4.0,4,Yes,Yes,49,"$89,500"
P0121,2026-01-24,45-59,Non-binary,Knoxville,High School,Full-time,74.8,8,3,7.2,3,6.5,5,No,Yes,48,"$59,500"
P0122,2026-01-25,30-44,Female,Murfreesboro,Bachelor's,Full-time,60.7,4,7,8.4,3,5.4,3,No,Yes,36,"$56,000"
P0123,2026-01-25,30-44,Female,Franklin,High School,Full-time,55.5,6,2,6.2,3,9.7,5,No,No,44,"$81,000"
P0124,2026-01-26,18-29,Female,Memphis,Bachelor's,Full-time,80.3,8,4,7.0,3,7.4,3,No,No,18,"$51,500"
P0125,2026-01-26,18-29,Female,Memphis,Some College,Unemployed,44.3,3,7,7.2,3,6.1,4,No,Yes,27,"$6,000"
P0126,2026-01-28,45-59,Female,Franklin,Some College,Self-employed,62.4,,3,8.2,0,4.7,4,Yes,Yes,52,"$57,500"
P0127,2026-01-29,18-29,Male,Knoxville,Some College,Student,58.4,6,6,8.2,2,8.4,6,No,Yes,18,"$10,000"
P0128,2026-01-30,60-74,Male,Nashville,Bachelor's,Full-time,56.9,5,7,5.7,2,6.1,5,No,Yes,60,"$125,500"
P0129,2026-02-01,18-29,Female,Nashville,Bachelor's,Full-time,91.2,9,2,8.0,5,4.8,5,Yes,No,18,"$56,000"
P0130,2026-02-02,45-59,Female,Franklin,Bachelor's,Full-time,72.8,8,5,8.1,1,5.4,6,No,No,59,"$82,000"
P0131,2026-02-03,30-44,Female,Knoxville,Bachelor's,Unemployed,75.2,,3,6.9,6,3.8,5,Yes,No,32,"$14,500"
P0132,2026-02-03,45-59,Male,Nashville,Some College,Full-time,71.9,,5,7.5,4,3.7,6,No,Yes,59,"$88,500"
P0133,2026-02-04,45-59,Female,Knoxville,Bachelor's,Full-time,75.2,7,5,9.0,2,3.2,6,No,Yes,48,"$81,000"
P0134,2026-02-05,18-29,Male,Knoxville,Some College,Part-time,70.8,7,4,8.6,5,4.3,5,No,No,20,"$29,500"
P0135,2026-02-06,60-74,Male,Memphis,Bachelor's,Retired,65.6,7,6,7.8,1,3.5,4,No,Yes,67,"$50,500"
P0136,2026-02-06,60-74,Male,Franklin,Some College,Retired,59.8,6,5,5.6,0,2.9,5,No,Yes,71,"$32,000"
P0137,2026-02-07,45-59,Male,Franklin,Bachelor's,Unemployed,32.8,1,9,6.6,1,6.5,4,No,Yes,45,"$14,500"
P0138,2026-02-10,30-44,Male,Nashville,High School,Full-time,64.5,7,5,7.6,4,7.1,5,No,No,41,"$50,000"
P0139,2026-02-13,30-44,Female,Nashville,Bachelor's,Full-time,83.7,8,2,7.7,5,5.2,6,No,No,43,"$64,500"
P0140,2026-02-14,18-29,Female,Memphis,High School,Full-time,80.8,7,5,7.4,3,4.3,6,No,No,29,"$57,500"
P0141,2026-02-14,60-74,Female,Murfreesboro,Some College,Self-employed,71.8,8,6,9.5,3,6.1,4,No,No,65,"$43,500"
P0142,2026-02-14,30-44,Female,Knoxville,High School,Full-time,61.2,5,4,7.6,2,2.4,3,No,No,37,"$62,000"
P0143,2026-02-14,45-59,Female,Chattanooga,Bachelor's,Full-time,61.2,,6,6.8,5,2.3,5,No,No,45,"$99,000"
P0144,2026-02-15,30-44,Female,Knoxville,Master's,Self-employed,45.2,4,6,7.3,1,7.3,5,No,Yes,33,"$82,000"
P0145,2026-02-15,30-44,Male,Nashville,Some College,Unemployed,57.2,7,5,,3,7.1,6,Yes,Yes,35,"$8,500"
P0146,2026-02-15,18-29,Female,Murfreesboro,High School,Full-time,65.3,,3,7.3,2,8.1,4,Yes,Yes,24,"$39,500"
P0147,2026-02-18,60-74,Female,Nashville,Bachelor's,Part-time,63.2,5,5,7.4,2,4.3,5,No,Yes,67,
P0148,2026-02-18,30-44,Female,Chattanooga,High School,Full-time,80.5,8,4,8.3,5,3.5,6,No,No,43,"$59,500"
P0149,2026-02-19,60-74,Female,Nashville,Master's,Full-time,70.1,7,5,7.7,3,4.0,4,No,No,62,"$108,000"
P0150,2026-02-19,45-59,Non-binary,Memphis,High School,Full-time,59.8,6,5,6.4,3,6.5,5,No,Yes,46,"$64,500"
P0151,2026-02-20,30-44,Female,Franklin,Some College,Full-time,90.8,10,1,8.0,4,4.7,7,No,No,34,"$48,500"
P0152,2026-02-20,30-44,Female,Knoxville,Bachelor's,Unemployed,,5,8,7.3,2,4.6,7,No,No,40,"$14,500"
P0153,2026-02-21,30-44,Female,Nashville,High School,Full-time,73.5,8,3,7.5,2,3.5,6,No,No,36,"$33,500"
P0154,2026-02-23,45-59,Female,Memphis,Some College,Full-time,80.2,9,1,9.1,1,3.5,5,Yes,No,46,"$72,500"
P0155,2026-02-23,30-44,Female,Chattanooga,Some College,Full-time,67.4,6,4,8.0,3,7.2,4,No,Yes,40,"$60,000"
P0156,2026-02-24,30-44,Female,Nashville,Bachelor's,Full-time,49.0,4,4,6.7,1,6.5,6,No,No,41,"$70,500"
P0157,2026-02-25,18-29,Female,Nashville,PhD,Full-time,74.5,7,6,7.6,2,4.5,5,No,No,23,"$125,500"
P0158,2026-02-26,30-44,Female,Nashville,Some College,Full-time,69.3,7,4,9.2,3,4.2,5,No,No,32,"$62,500"
P0159,2026-02-26,60-74,Male,Knoxville,Master's,Part-time,71.1,8,6,8.6,1,3.4,4,No,Yes,74,"$27,500"
P0160,2026-02-28,30-44,Female,Memphis,High School,Part-time,73.2,7,3,7.6,5,6.9,5,No,No,35,"$23,500"
P0161,2026-03-01,18-29,Male,Knoxville,Bachelor's,Full-time,62.4,5,8,7.7,1,4.2,5,No,Yes,28,"$49,000"
P0162,2026-03-01,45-59,Female,Memphis,Some College,Self-employed,63.7,7,5,6.9,4,5.0,5,No,No,52,"$75,000"
P0163,2026-03-01,60-74,Female,Chattanooga,Some College,Retired,79.4,7,4,6.8,6,0.9,7,No,No,70,"$59,500"
P0164,2026-03-02,18-29,Male,Nashville,Master's,Full-time,92.5,9,3,8.2,5,4.4,5,No,No,21,"$69,000"
P0165,2026-03-03,30-44,Female,Franklin,Bachelor's,Self-employed,47.4,4,7,7.2,2,6.4,3,No,Yes,42,"$75,000"
P0166,2026-03-04,30-44,Male,Franklin,High School,Self-employed,76.4,6,2,8.1,5,7.5,4,Yes,No,35,"$42,000"
P0167,2026-03-04,18-29,Male,Knoxville,Some College,Part-time,64.2,6,5,7.4,3,4.7,3,Yes,No,18,"$25,000"
P0168,2026-03-04,45-59,Male,Memphis,Master's,Full-time,70.0,7,6,7.6,4,3.7,4,No,No,58,"$117,000"
P0169,2026-03-07,45-59,Female,Murfreesboro,PhD,Self-employed,84.4,10,1,7.5,3,6.9,6,Yes,No,46,"$154,500"
P0170,2026-03-08,45-59,Male,Memphis,Bachelor's,Unemployed,59.7,8,5,7.8,1,4.8,5,No,No,47,"$12,000"
P0171,2026-03-09,30-44,Male,Murfreesboro,Master's,Full-time,56.8,5,4,8.2,2,5.1,4,No,Yes,33,
P0172,2026-03-09,45-59,Male,Memphis,PhD,Full-time,69.3,8,2,7.8,2,6.1,5,Yes,Yes,54,"$101,500"
P0173,2026-03-10,30-44,Female,Chattanooga,Bachelor's,Self-employed,71.8,8,4,8.1,5,6.2,4,No,No,37,"$75,000"
P0174,2026-03-10,30-44,Male,Memphis,Bachelor's,Full-time,52.5,5,5,5.9,0,7.5,3,No,Yes,44,"$102,500"
P0175,2026-03-11,18-29,Male,Knoxville,High School,Full-time,74.9,7,2,7.1,6,7.6,3,No,Yes,27,
P0176,2026-03-11,18-29,Female,Franklin,Some College,Full-time,74.8,9,4,8.7,4,5.4,4,Yes,Yes,25,"$40,500"
P0177,2026-03-11,60-74,Female,Nashville,Bachelor's,Retired,99.0,10,3,9.1,4,4.4,7,No,Yes,69,"$39,000"
P0178,2026-03-13,30-44,Female,Murfreesboro,Master's,Self-employed,67.0,7,3,7.9,4,5.8,3,No,Yes,37,"$78,500"
P0179,2026-03-15,45-59,Male,Knoxville,Some College,Full-time,68.0,7,4,7.7,1,3.0,6,No,Yes,51,"$61,500"
P0180,2026-03-16,45-59,Male,Memphis,Some College,Full-time,71.9,7,4,6.7,3,3.9,7,No,No,45,"$78,000"
P0181,2026-03-18,30-44,Non-binary,Memphis,High School,Full-time,59.9,5,4,7.7,5,7.5,5,No,Yes,39,"$36,500"
P0182,2026-03-18,30-44,Male,Nashville,Bachelor's,Full-time,77.7,8,4,8.3,2,3.2,5,No,Yes,37,"$82,500"
P0183,2026-03-21,45-59,Male,Nashville,Some College,Unemployed,39.9,5,8,5.7,2,6.8,4,No,No,57,
P0184,2026-03-22,30-44,Male,Knoxville,Master's,Full-time,71.6,7,4,7.9,5,6.2,5,Yes,No,41,
P0185,2026-03-22,30-44,Male,Nashville,High School,Full-time,68.7,6,4,7.9,5,5.4,6,Yes,No,43,"$56,000"
P0186,2026-03-22,45-59,Male,Chattanooga,Bachelor's,Unemployed,63.2,6,5,7.7,3,6.4,5,Yes,Yes,46,"$20,500"
P0187,2026-03-23,60-74,Male,Franklin,Bachelor's,Full-time,57.4,5,8,6.1,0,5.5,6,No,No,66,"$91,500"
P0188,2026-03-24,45-59,Female,Franklin,Some College,Full-time,57.2,5,6,7.5,2,7.1,6,Yes,Yes,58,"$75,500"
P0189,2026-03-28,45-59,Male,Murfreesboro,High School,Self-employed,44.0,5,5,6.3,0,4.6,5,No,No,53,"$57,000"
P0190,2026-03-31,30-44,Female,Murfreesboro,Some College,Full-time,72.7,9,5,8.5,3,5.5,5,No,Yes,36,"$83,000"
P0191,2026-04-01,18-29,Male,Nashville,Bachelor's,Self-employed,57.9,6,6,7.3,5,6.0,5,No,No,23,"$40,000"
P0192,2026-04-02,60-74,Male,Franklin,High School,Self-employed,44.1,4,4,6.5,2,8.1,5,No,No,62,"$66,500"
P0193,2026-04-04,60-74,Female,Nashville,High School,Full-time,56.1,6,5,8.3,2,6.5,,Yes,No,62,"$50,000"
P0194,2026-04-05,30-44,Male,Murfreesboro,Some College,Full-time,65.4,5,4,8.5,2,4.0,5,Yes,No,44,"$56,500"
P0195,2026-04-05,45-59,Male,Murfreesboro,High School,Full-time,64.8,6,3,,2,4.6,5,Yes,Yes,55,
P0196,2026-04-06,45-59,Female,Knoxville,Master's,Part-time,64.1,8,5,9.2,2,3.8,4,No,No,59,"$33,500"
P0197,2026-04-06,60-74,Female,Knoxville,Master's,Full-time,85.0,9,2,7.2,4,5.0,7,No,Yes,60,
P0198,2026-04-08,60-74,Female,Nashville,PhD,Full-time,66.0,5,4,7.8,3,5.3,4,No,No,62,"$107,500"
P0199,2026-04-08,30-44,Female,Knoxville,Master's,Full-time,69.5,6,2,8.4,4,9.8,4,No,No,38,"$103,000"
P0200,2026-04-09,60-74,Female,Memphis,Bachelor's,Retired,46.9,5,7,5.7,0,1.4,5,No,Yes,72,"$32,500"
P0201,2026-04-09,18-29,Female,Nashville,High School,Full-time,48.4,5,8,7.5,2,8.1,2,No,No,25,"$57,500"
P0202,2026-04-12,60-74,Male,Nashville,Master's,Self-employed,59.6,5,6,7.2,1,5.7,4,Yes,Yes,61,"$102,000"
P0203,2026-04-12,45-59,Female,Murfreesboro,Bachelor's,Self-employed,55.7,6,6,7.3,1,4.0,3,No,Yes,54,"$74,000"
P0204,2026-04-12,60-74,Male,Franklin,Bachelor's,Full-time,64.0,6,6,6.5,5,4.7,4,No,Yes,61,"$70,500"
P0205,2026-04-14,75+,Male,Nashville,Bachelor's,Retired,50.9,4,5,7.8,2,3.4,5,No,No,78,"$38,000"
P0206,2026-04-15,60-74,Male,Nashville,Master's,Retired,55.7,6,5,6.6,2,4.6,5,No,No,71,"$43,500"
P0207,2026-04-17,18-29,Female,Memphis,Some College,Full-time,65.7,6,5,6.5,5,8.0,6,No,Yes,27,"$45,000"
P0208,2026-04-17,18-29,Female,Nashville,Bachelor's,Full-time,83.8,8,3,,3,4.1,6,No,No,18,"$60,500"
P0209,2026-04-18,60-74,Male,Nashville,Bachelor's,Unemployed,49.0,4,6,6.2,5,7.2,6,No,No,60,"$14,000"
P0210,2026-04-20,18-29,Female,Knoxville,Some College,Full-time,85.4,9,4,8.7,2,5.6,6,No,No,29,"$38,000"
P0211,2026-04-20,45-59,Female,Memphis,Some College,Full-time,60.6,5,3,6.5,3,8.1,4,No,No,46,"$58,000"
P0212,2026-04-20,60-74,Male,Memphis,High School,Unemployed,52.8,6,5,6.8,1,5.7,6,No,Yes,60,"$8,000"
P0213,2026-04-20,18-29,Male,Nashville,Bachelor's,Full-time,66.0,6,5,6.9,4,8.8,4,No,No,18,"$62,500"
P0214,2026-04-21,18-29,Female,Chattanooga,Some College,Full-time,57.1,7,6,7.1,2,7.6,4,Yes,No,18,"$69,000"
P0215,2026-04-22,45-59,Female,Memphis,Some College,Full-time,68.7,7,3,8.2,1,7.2,7,No,No,50,"$71,500"
P0216,2026-04-23,45-59,Male,Memphis,Master's,Part-time,62.3,6,7,7.7,2,5.6,6,No,No,47,"$47,000"
P0217,2026-04-23,30-44,Female,Memphis,Bachelor's,Self-employed,60.8,4,6,7.1,5,4.3,5,No,Yes,42,"$52,000"
P0218,2026-04-23,45-59,Male,Franklin,Bachelor's,Self-employed,65.8,6,3,7.3,5,6.6,6,Yes,Yes,47,"$56,500"
P0219,2026-04-25,30-44,Female,Nashville,PhD,Unemployed,60.1,7,5,7.3,3,7.4,6,No,Yes,31,"$13,000"
P0220,2026-04-27,18-29,Male,Chattanooga,High School,Full-time,76.4,10,3,8.0,7,10.2,3,Yes,No,20,"$46,500"
P0221,2026-04-28,30-44,Female,Memphis,Bachelor's,Unemployed,48.4,4,8,7.7,3,2.2,5,No,No,43,"$12,000"
P0222,2026-04-30,18-29,Male,Franklin,High School,Full-time,75.3,7,4,,6,5.9,3,No,No,29,"$44,500"
P0223,2026-04-30,18-29,Female,Memphis,Some College,Part-time,,7,2,6.1,6,8.5,5,No,Yes,18,"$20,000"
P0224,2026-04-30,45-59,Male,Knoxville,PhD,Full-time,81.6,8,5,9.2,2,3.0,4,Yes,No,55,"$127,500"
P0225,2026-05-01,45-59,Male,Murfreesboro,High School,Full-time,86.5,8,2,8.6,1,5.2,7,No,Yes,45,"$70,000"
P0226,2026-05-05,45-59,Female,Chattanooga,Bachelor's,Full-time,52.4,5,5,7.3,1,8.9,6,No,No,53,
P0227,2026-05-05,18-29,Female,Nashville,Master's,Part-time,73.5,6,4,7.6,7,8.6,4,Yes,Yes,29,"$39,000"
P0228,2026-05-05,30-44,Male,Nashville,Bachelor's,Part-time,65.8,6,5,7.1,1,4.5,5,No,Yes,35,"$30,500"
P0229,2026-05-07,18-29,Male,Franklin,Master's,Full-time,50.9,6,5,6.4,3,8.7,3,Yes,Yes,29,"$102,500"
P0230,2026-05-08,30-44,Female,Nashville,Some College,Unemployed,51.7,6,5,6.9,4,8.2,5,Yes,Yes,31,"$7,500"
P0231,2026-05-09,45-59,Male,Memphis,Some College,Full-time,66.5,6,5,7.1,4,6.7,6,No,Yes,49,"$48,500"
P0232,2026-05-09,30-44,Female,Franklin,Bachelor's,Full-time,65.8,6,6,6.7,1,6.7,5,No,No,33,"$52,500"
P0233,2026-05-11,45-59,Male,Nashville,High School,Self-employed,36.1,4,5,6.3,3,5.7,2,No,No,52,
P0234,2026-05-11,45-59,Female,Nashville,Some College,Self-employed,66.0,7,4,7.5,2,3.8,4,Yes,Yes,52,"$66,000"
P0235,2026-05-11,75+,Male,Nashville,Some College,Retired,88.5,9,3,8.3,4,3.3,5,No,No,80,"$60,500"
P0236,2026-05-12,18-29,Male,Nashville,PhD,Full-time,67.3,6,6,6.7,6,7.8,5,No,Yes,22,"$77,500"
P0237,2026-05-13,60-74,Male,Memphis,Some College,Full-time,54.0,6,7,7.1,1,5.2,6,No,Yes,61,"$77,000"
P0238,2026-05-15,30-44,Female,Knoxville,High School,Self-employed,27.2,3,7,5.3,0,8.8,3,No,No,44,"$51,000"
P0239,2026-05-15,45-59,Male,Memphis,Master's,Full-time,74.7,7,4,7.4,2,5.0,6,No,No,46,"$78,000"
P0240,2026-05-16,18-29,Male,Nashville,High School,Full-time,85.2,7,3,7.9,5,2.5,4,No,No,21,"$38,000"
P0241,2026-05-16,30-44,Female,Murfreesboro,PhD,Part-time,59.8,6,3,6.8,3,5.3,5,Yes,Yes,38,"$54,000"
P0242,2026-05-17,45-59,Female,Murfreesboro,Master's,Full-time,58.9,6,7,5.8,2,5.5,5,No,No,59,"$87,000"
P0243,2026-05-18,45-59,Non-binary,Knoxville,Bachelor's,Self-employed,62.9,7,4,7.8,3,6.2,6,Yes,Yes,45,"$116,500"
P0244,2026-05-20,45-59,Male,Nashville,Some College,Full-time,65.9,7,4,6.9,4,5.6,4,Yes,Yes,47,"$40,500"
P0245,2026-05-20,30-44,Female,Knoxville,High School,Part-time,67.8,6,4,8.0,2,4.3,5,No,No,41,"$27,000"
P0246,2026-05-21,60-74,Male,Knoxville,High School,Full-time,60.0,6,6,6.8,3,7.3,3,No,Yes,66,"$57,000"
P0247,2026-05-22,45-59,Female,Memphis,High School,Full-time,64.1,6,5,8.0,4,4.4,3,No,Yes,46,"$45,500"
P0248,2026-05-22,18-29,Female,Murfreesboro,Some College,Part-time,,7,4,7.1,2,7.9,6,No,Yes,18,"$23,500"
P0249,2026-05-23,30-44,Male,Memphis,Some College,Full-time,64.8,6,4,6.4,4,5.5,5,Yes,No,34,"$66,500"
P0250,2026-05-23,18-29,Female,Knoxville,Master's,Full-time,58.2,5,8,6.9,2,4.6,3,No,No,18,"$77,000"
P0251,2026-05-24,18-29,Female,Nashville,Bachelor's,Full-time,74.7,8,3,7.2,4,9.1,4,Yes,Yes,18,"$66,500"
P0252,2026-05-25,30-44,Female,Knoxville,PhD,Unemployed,66.8,6,9,7.6,2,1.6,,No,Yes,37,"$23,500"
P0253,2026-05-26,60-74,Female,Chattanooga,Bachelor's,Self-employed,64.7,6,6,7.1,2,3.2,7,No,No,69,"$50,000"
P0254,2026-05-26,45-59,Female,Chattanooga,High School,Full-time,71.9,7,5,7.0,3,6.3,6,No,Yes,47,"$72,500"
P0255,2026-05-26,18-29,Female,Nashville,Bachelor's,Unemployed,78.5,9,6,7.9,6,5.7,6,No,Yes,26,"$19,500"
P0256,2026-05-26,30-44,Female,Franklin,High School,Full-time,68.0,7,4,8.3,4,7.5,3,Yes,No,30,"$55,000"
P0257,2026-05-26,60-74,Female,Chattanooga,High School,Full-time,76.5,7,3,8.4,4,4.6,5,No,Yes,65,"$66,000"
P0258,2026-05-29,45-59,Female,Memphis,PhD,Self-employed,77.4,8,4,8.4,4,4.7,5,No,No,49,"$87,000"
P0259,2026-05-30,45-59,Female,Memphis,Some College,Full-time,57.7,6,3,7.8,3,9.2,5,No,Yes,47,"$60,500"
P0260,2026-05-31,45-59,Male,Chattanooga,High School,Part-time,66.3,6,4,8.2,6,5.2,5,No,Yes,45,"$21,500"
P0261,2026-06-01,45-59,Male,Nashville,High School,Self-employed,71.9,8,4,8.2,2,5.3,5,Yes,No,47,"$44,000"
P0262,2026-06-01,60-74,Female,Knoxville,Bachelor's,Full-time,76.6,8,4,8.0,6,3.2,7,No,No,60,"$102,000"
P0263,2026-06-02,45-59,Male,Chattanooga,Some College,Full-time,86.8,10,5,7.6,5,3.9,7,No,Yes,55,
P0264,2026-06-02,45-59,Male,Knoxville,High School,Self-employed,84.7,9,1,8.1,7,6.5,5,Yes,Yes,50,"$49,000"
P0265,2026-06-03,18-29,Female,Murfreesboro,Bachelor's,Part-time,61.6,7,6,8.9,1,7.2,4,No,No,28,
P0266,2026-06-05,45-59,Female,Memphis,High School,Self-employed,71.8,7,3,7.8,0,5.2,7,No,Yes,55,"$48,500"
P0267,2026-06-05,30-44,Male,Memphis,Master's,Full-time,69.2,6,5,7.3,5,4.9,4,No,Yes,34,"$90,500"
P0268,2026-06-06,60-74,Female,Memphis,Some College,Part-time,63.3,7,4,7.2,1,6.0,6,No,Yes,65,"$26,500"
P0269,2026-06-08,18-29,Male,Franklin,Bachelor's,Self-employed,69.9,7,5,7.5,1,3.5,7,No,Yes,24,"$52,500"
P0270,2026-06-10,30-44,Female,Memphis,Some College,Full-time,53.0,6,7,7.3,3,5.1,4,No,Yes,44,"$91,000"
P0271,2026-06-11,45-59,Male,Chattanooga,Bachelor's,Full-time,80.1,8,2,7.1,4,5.1,5,No,No,46,"$62,000"
P0272,2026-06-14,18-29,Male,Memphis,PhD,Full-time,69.0,6,5,6.0,4,5.0,4,No,Yes,23,"$77,000"
P0273,2026-06-14,75+,Male,Franklin,Master's,Retired,91.0,8,3,8.0,4,4.7,5,No,No,75,"$46,500"
P0274,2026-06-16,60-74,Female,Franklin,High School,Retired,79.8,9,1,7.0,2,3.4,5,No,No,71,"$38,000"
P0275,2026-06-17,30-44,Male,Nashville,Bachelor's,Full-time,70.2,8,5,7.7,2,4.5,7,No,Yes,38,"$119,000"
P0276,2026-06-17,45-59,Female,Franklin,High School,Full-time,61.1,6,3,7.6,3,8.1,6,Yes,Yes,59,"$57,000"
P0277,2026-06-19,45-59,Male,Knoxville,High School,Part-time,85.2,9,2,8.7,5,6.6,5,Yes,No,52,
P0278,2026-06-19,18-29,Female,Nashville,High School,Student,94.3,10,3,8.7,6,8.7,6,No,No,18,"$8,000"
P0279,2026-06-19,45-59,Female,Knoxville,High School,Full-time,49.2,4,8,7.2,4,5.5,4,Yes,Yes,50,"$67,000"
P0280,2026-06-20,45-59,Male,Nashville,PhD,Full-time,67.4,6,4,7.0,4,7.3,4,No,Yes,45,"$99,500"
P0281,2026-06-23,45-59,Female,Knoxville,Bachelor's,Full-time,90.5,8,1,7.0,4,6.9,7,No,No,47,"$112,000"
P0282,2026-06-23,18-29,Female,Nashville,Master's,Part-time,69.3,8,3,6.9,5,8.4,4,No,No,28,"$57,000"
P0283,2026-06-24,30-44,Non-binary,Memphis,Bachelor's,Full-time,59.8,6,5,7.1,2,9.8,4,No,No,41,"$78,500"
P0284,2026-06-24,30-44,Female,Memphis,Some College,Full-time,53.2,5,5,5.9,1,5.3,5,No,No,43,"$69,000"
P0285,2026-06-26,60-74,Female,Knoxville,Some College,Full-time,48.9,4,5,7.5,3,5.2,3,No,Yes,66,"$73,500"
P0286,2026-06-30,45-59,Female,Murfreesboro,Some College,Full-time,43.2,4,5,7.4,0,5.3,2,No,Yes,52,"$88,000"
P0287,2026-06-30,45-59,Female,Franklin,Some College,Self-employed,79.9,9,4,8.4,5,0.5,6,Yes,No,46,"$46,000"
P0288,2026-06-30,60-74,Female,Memphis,Some College,Retired,79.1,8,3,7.7,3,2.2,4,No,Yes,72,"$44,500"
P0289,2026-06-30,30-44,Male,Knoxville,Bachelor's,Full-time,62.3,6,3,7.8,3,6.0,4,No,Yes,37,"$68,500"
P0290,2026-07-02,30-44,Male,Nashville,High School,Part-time,62.2,7,2,7.2,3,6.9,4,Yes,No,39,"$20,500"
P0291,2026-07-02,18-29,Male,Memphis,Some College,Student,56.6,5,5,7.0,3,5.7,4,No,No,18,"$10,500"
P0292,2026-07-03,60-74,Male,Franklin,Some College,Self-employed,44.8,4,7,5.7,2,6.4,3,No,No,73,"$56,500"
P0293,2026-07-03,60-74,Female,Nashville,Bachelor's,Full-time,58.0,6,6,7.2,2,7.1,5,No,No,62,"$66,000"
P0294,2026-07-03,60-74,Male,Murfreesboro,Bachelor's,Full-time,91.3,8,3,9.0,2,4.2,7,Yes,Yes,62,"$58,000"
P0295,2026-07-04,45-59,Male,Chattanooga,Bachelor's,Part-time,67.7,6,5,7.4,2,7.6,6,No,No,57,"$33,500"
P0296,2026-07-04,45-59,Male,Memphis,High School,Self-employed,73.8,8,4,7.6,5,8.5,6,No,Yes,48,"$69,000"
P0297,2026-07-04,45-59,Male,Chattanooga,High School,Full-time,42.0,4,8,6.1,3,6.2,3,No,Yes,50,
P0298,2026-07-05,30-44,Male,Memphis,Some College,Self-employed,76.2,7,3,8.9,2,4.1,5,Yes,Yes,42,"$65,000"
P0299,2026-07-05,30-44,Female,Franklin,Some College,Full-time,42.3,4,6,6.4,1,8.2,3,No,No,43,
P0300,2026-07-06,45-59,Male,Nashville,Bachelor's,Full-time,,8,6,7.9,2,5.3,6,No,No,47,"$73,000"
P0301,2026-07-08,60-74,Male,Nashville,PhD,Retired,64.1,6,2,8.1,2,3.9,5,No,No,72,"$67,500"
P0302,2026-07-10,45-59,Female,Chattanooga,Bachelor's,Self-employed,53.0,5,6,6.5,2,5.4,5,No,Yes,55,"$83,000"
P0303,2026-07-10,45-59,Male,Memphis,High School,Full-time,71.4,7,5,8.2,4,4.7,5,No,No,45,"$40,500"
P0304,2026-07-11,30-44,Male,Nashville,Some College,Full-time,68.8,8,4,7.4,3,7.8,4,No,Yes,36,
P0305,2026-07-11,30-44,Female,Knoxville,Master's,Full-time,36.8,,7,7.1,1,7.4,3,No,No,35,"$91,500"
P0306,2026-07-12,60-74,Male,Memphis,Master's,Retired,79.4,7,4,7.8,3,6.6,6,No,No,73,"$52,000"
P0307,2026-07-12,45-59,Male,Knoxville,Bachelor's,Full-time,51.5,6,7,7.0,2,6.2,3,No,Yes,55,"$65,000"
P0308,2026-07-13,45-59,Female,Chattanooga,Some College,Self-employed,42.5,5,6,7.1,0,4.2,,No,Yes,47,"$64,000"
P0309,2026-07-13,30-44,Female,Murfreesboro,Some College,Self-employed,52.1,5,4,7.9,3,5.6,4,Yes,Yes,40,"$52,000"
P0310,2026-07-13,18-29,Female,Nashville,Bachelor's,Part-time,48.5,5,7,6.6,3,7.8,4,Yes,Yes,27,"$42,000"
P0311,2026-07-17,45-59,Male,Knoxville,Master's,Self-employed,61.6,7,3,7.8,2,4.9,5,Yes,Yes,45,"$93,500"
P0312,2026-07-18,60-74,Male,Franklin,Some College,Full-time,59.7,7,5,6.5,1,10.0,6,No,Yes,61,"$58,500"
P0313,2026-07-20,30-44,Male,Memphis,High School,Part-time,46.9,4,6,6.1,3,5.5,5,No,No,39,
P0314,2026-07-20,30-44,Female,Chattanooga,High School,Full-time,73.3,8,5,7.0,3,4.8,5,No,No,42,"$48,000"
P0315,2026-07-21,30-44,Male,Nashville,High School,Part-time,60.5,6,5,6.9,4,7.7,5,No,No,42,"$21,500"
P0316,2026-07-23,45-59,Male,Murfreesboro,Master's,Full-time,61.6,6,4,7.5,2,6.8,6,Yes,No,48,"$93,000"
P0317,2026-07-25,18-29,Female,Knoxville,Bachelor's,Full-time,50.5,6,7,7.9,2,6.6,2,No,Yes,19,"$72,000"
P0318,2026-07-26,30-44,Female,Murfreesboro,PhD,Self-employed,59.7,7,5,6.1,7,5.4,5,Yes,Yes,42,"$129,500"
P0319,2026-07-26,30-44,Female,Murfreesboro,High School,Full-time,63.4,6,5,7.4,3,6.9,4,No,No,31,"$59,500"
P0320,2026-07-27,60-74,Male,Murfreesboro,Some College,Full-time,49.5,5,6,5.5,1,6.4,3,No,Yes,61,"$43,000"
P0321,2026-07-27,30-44,Male,Nashville,Master's,Full-time,65.9,7,4,6.6,5,7.4,5,No,Yes,33,"$80,500"
P0322,2026-07-27,45-59,Female,Chattanooga,Bachelor's,Self-employed,67.0,6,4,7.2,2,4.7,4,Yes,No,56,"$71,500"
P0323,2026-07-27,60-74,Female,Nashville,High School,Retired,59.7,7,3,6.0,1,5.3,6,No,Yes,72,"$30,000"
P0324,2026-07-28,30-44,Female,Memphis,Some College,Self-employed,58.4,6,4,6.0,1,7.2,6,No,No,41,"$50,500"
P0325,2026-07-29,30-44,Female,Memphis,Bachelor's,Full-time,60.3,6,7,7.1,3,7.3,2,No,No,36,"$65,500"
P0326,2026-07-29,45-59,Male,Knoxville,Bachelor's,Full-time,55.1,6,7,7.5,4,0.5,5,No,No,49,"$97,500"
P0327,2026-08-01,45-59,Female,Knoxville,Some College,Full-time,78.1,9,6,7.3,4,4.1,7,No,No,46,"$64,000"
P0328,2026-08-02,18-29,Female,Franklin,High School,Full-time,78.7,8,5,6.8,5,5.0,6,Yes,Yes,29,"$34,000"
P0329,2026-08-02,45-59,Female,Nashville,PhD,Self-employed,79.0,8,2,9.5,3,4.9,7,Yes,Yes,54,"$159,000"
P0330,2026-08-03,75+,Male,Nashville,Some College,Part-time,56.4,7,7,7.0,3,4.5,5,No,No,80,"$39,000"
P0331,2026-08-04,30-44,Male,Memphis,Bachelor's,Full-time,48.2,4,4,6.8,3,7.3,3,No,No,42,"$68,500"
P0332,2026-08-06,30-44,Female,Murfreesboro,Bachelor's,Part-time,77.6,7,4,8.7,6,6.8,3,No,Yes,43,"$47,000"
P0333,2026-08-06,18-29,Female,Knoxville,High School,Full-time,65.0,5,7,7.5,5,6.1,6,No,No,28,"$37,000"
P0334,2026-08-07,45-59,Female,Knoxville,High School,Full-time,73.9,8,3,7.4,4,5.4,6,No,No,51,"$67,500"
P0335,2026-08-08,18-29,Non-binary,Chattanooga,High School,Part-time,67.1,7,5,8.0,3,9.4,4,Yes,Yes,25,"$20,000"
P0336,2026-08-10,18-29,Male,Chattanooga,High School,Self-employed,66.4,7,5,7.5,4,5.3,4,No,No,27,"$34,500"
P0337,2026-08-10,60-74,Female,Memphis,High School,Retired,73.2,7,3,8.2,1,5.2,5,No,No,68,"$27,000"
P0338,2026-08-11,30-44,Male,Nashville,Some College,Self-employed,56.5,6,4,7.5,3,8.9,3,No,Yes,31,"$42,500"
P0339,2026-08-14,60-74,Female,Memphis,Some College,Full-time,61.3,5,5,6.6,1,5.5,4,Yes,No,64,"$65,000"
P0340,2026-08-17,60-74,Male,Murfreesboro,Some College,Retired,88.4,8,2,9.0,2,1.1,7,No,No,72,"$35,500"
P0341,2026-08-17,45-59,Female,Knoxville,Master's,Part-time,80.9,8,5,7.5,3,6.1,7,No,No,50,"$51,000"
P0342,2026-08-18,45-59,Male,Nashville,High School,Full-time,48.2,5,7,6.4,2,4.6,5,No,Yes,55,"$47,000"
P0343,2026-08-19,75+,Female,Memphis,High School,Retired,86.6,10,1,7.6,3,4.1,7,Yes,No,79,"$13,000"
P0344,2026-08-19,30-44,Female,Memphis,Master's,Full-time,69.4,6,4,8.1,3,7.5,4,No,Yes,43,"$99,000"
P0345,2026-08-20,30-44,Male,Knoxville,Bachelor's,Full-time,60.2,6,5,7.0,3,6.8,4,No,No,36,
P0346,2026-08-20,18-29,Male,Knoxville,Some College,Full-time,58.7,5,3,,6,6.1,2,No,Yes,23,"$51,500"
P0347,2026-08-20,45-59,Female,Franklin,High School,Part-time,75.0,9,3,8.1,3,7.1,6,No,No,47,"$33,500"
P0348,2026-08-20,60-74,Female,Memphis,Bachelor's,Retired,68.6,6,3,7.8,5,5.3,4,No,No,71,"$48,000"
P0349,2026-08-21,60-74,Female,Memphis,High School,Full-time,62.1,7,4,6.4,2,5.1,7,No,No,62,"$48,500"
P0350,2026-08-21,30-44,Female,Knoxville,Master's,Self-employed,86.2,10,2,8.3,4,6.8,5,No,No,30,"$78,000"
P0351,2026-08-21,30-44,Female,Murfreesboro,Master's,Self-employed,66.1,6,4,8.2,3,6.6,5,No,No,31,"$79,500"
P0352,2026-08-21,30-44,Female,Chattanooga,Some College,Self-employed,59.7,7,6,7.9,5,5.4,2,No,Yes,37,"$47,500"
P0353,2026-08-22,45-59,Female,Memphis,High School,Full-time,78.7,6,2,9.2,0,4.6,7,Yes,No,51,"$46,500"
P0354,2026-08-26,30-44,Female,Murfreesboro,Master's,Full-time,84.0,8,3,8.0,4,5.8,4,No,No,43,"$79,000"
P0355,2026-08-28,45-59,Male,Knoxville,Some College,Full-time,59.4,5,6,8.0,1,3.8,5,Yes,Yes,50,"$81,000"
P0356,2026-08-29,45-59,Female,Franklin,Bachelor's,Full-time,38.9,4,7,8.4,0,3.3,2,Yes,No,51,"$82,000"
P0357,2026-08-30,30-44,Female,Memphis,Master's,Full-time,62.9,6,2,7.5,1,8.0,6,Yes,Yes,41,
P0358,2026-08-30,45-59,Female,Nashville,Master's,Full-time,70.4,6,3,9.0,1,5.2,6,No,No,45,"$93,500"
P0359,2026-08-31,45-59,Male,Murfreesboro,Master's,Full-time,61.3,7,6,8.5,2,5.4,4,No,Yes,50,"$103,000"
P0360,2026-08-31,45-59,Female,Memphis,Some College,Full-time,73.3,8,3,8.3,3,5.4,5,No,Yes,45,"$58,500"
P0361,2026-08-31,45-59,Female,Murfreesboro,Master's,Full-time,82.0,8,4,9.0,3,5.3,5,No,No,55,"$112,000"
P0362,2026-09-01,75+,Male,Knoxville,Some College,Retired,81.5,8,3,8.4,0,4.4,6,No,No,78,"$41,000"
P0363,2026-09-01,45-59,Female,Knoxville,High School,Part-time,61.6,5,4,6.9,2,5.3,5,Yes,Yes,56,"$28,000"
P0364,2026-09-01,45-59,Male,Nashville,Some College,Full-time,90.4,9,1,9.0,2,4.2,7,No,No,47,"$53,500"
P0365,2026-09-02,18-29,Male,Murfreesboro,Some College,Unemployed,72.4,9,3,7.7,3,8.3,5,No,No,18,"$7,000"
P0366,2026-09-02,45-59,Female,Nashville,Bachelor's,Self-employed,68.6,6,3,8.1,1,4.1,4,Yes,No,53,"$112,500"
P0367,2026-09-03,18-29,Male,Franklin,Master's,Full-time,71.0,7,6,7.1,5,8.5,4,No,No,18,"$70,000"
P0368,2026-09-03,18-29,Female,Murfreesboro,High School,Full-time,77.5,7,4,8.8,4,3.3,2,Yes,Yes,22,"$38,000"
P0369,2026-09-04,60-74,Female,Memphis,High School,Full-time,70.3,8,3,8.3,3,3.2,4,No,No,61,"$73,000"
P0370,2026-09-05,45-59,Female,Nashville,Some College,Part-time,53.1,6,5,6.8,4,6.8,6,No,Yes,58,"$39,500"
P0371,2026-09-05,30-44,Male,Murfreesboro,Some College,Full-time,53.3,5,6,7.6,2,5.5,5,No,No,43,"$67,000"
P0372,2026-09-06,18-29,Male,Memphis,PhD,Full-time,83.6,7,4,8.1,6,5.6,4,No,No,18,"$84,000"
P0373,2026-09-06,30-44,Female,Nashville,PhD,Unemployed,39.4,4,5,6.8,2,6.5,5,Yes,Yes,40,"$35,000"
P0374,2026-09-06,30-44,Male,Knoxville,PhD,Full-time,61.2,7,5,7.2,7,4.3,2,No,No,34,
P0375,2026-09-06,45-59,Female,Nashville,Bachelor's,Full-time,61.5,6,6,7.0,4,5.3,4,No,No,57,"$93,000"
P0376,2026-09-07,75+,Female,Memphis,Bachelor's,Retired,95.7,10,2,7.8,5,0.5,6,No,Yes,84,"$43,500"
P0377,2026-09-10,45-59,Non-binary,Chattanooga,Some College,Full-time,53.5,5,5,7.7,0,4.7,6,Yes,Yes,50,"$45,500"
P0378,2026-09-10,30-44,Male,Franklin,Some College,Self-employed,76.8,6,5,8.2,3,5.0,4,No,Yes,33,"$38,500"
P0379,2026-09-11,18-29,Female,Murfreesboro,High School,Full-time,85.8,9,4,8.8,2,7.3,6,No,No,26,"$46,500"
P0380,2026-09-14,45-59,Male,Nashville,Master's,Full-time,84.8,9,2,8.6,4,7.1,7,Yes,Yes,45,"$107,500"
P0381,2026-09-17,30-44,Female,Memphis,Some College,Full-time,73.7,,5,8.3,3,4.3,4,No,Yes,43,"$56,500"
P0382,2026-09-19,18-29,Female,Knoxville,High School,Full-time,82.0,8,4,8.1,3,9.1,6,No,No,26,"$33,000"
P0383,2026-09-19,45-59,Female,Franklin,Some College,Unemployed,49.1,5,5,8.5,2,4.5,3,Yes,Yes,48,"$8,000"
P0384,2026-09-20,18-29,Male,Nashville,Some College,Full-time,68.7,6,7,7.0,3,2.9,2,No,Yes,26,"$47,000"
P0385,2026-09-21,60-74,Female,Knoxville,Bachelor's,Full-time,69.2,7,5,8.3,2,0.8,6,No,Yes,65,
P0386,2026-09-21,60-74,Male,Franklin,High School,Full-time,60.4,6,5,7.5,2,7.5,5,Yes,Yes,64,"$64,500"
P0387,2026-09-21,60-74,Male,Memphis,High School,Part-time,,5,2,7.8,4,4.7,5,No,No,64,"$34,000"
P0388,2026-09-21,30-44,Female,Memphis,Master's,Part-time,60.2,6,5,7.1,3,4.8,4,No,Yes,38,"$86,000"
P0389,2026-09-21,45-59,Male,Knoxville,Master's,Full-time,53.5,5,4,7.3,2,4.0,4,No,No,55,"$123,000"
P0390,2026-09-21,30-44,Female,Memphis,Bachelor's,Full-time,69.0,6,4,7.5,2,3.8,6,No,Yes,44,"$69,500"
P0391,2026-09-22,30-44,Male,Franklin,Bachelor's,Self-employed,87.8,9,2,6.7,6,8.2,7,No,Yes,39,"$59,500"
P0392,2026-09-23,30-44,Male,Nashville,High School,Full-time,65.0,6,5,7.8,3,5.7,5,Yes,Yes,40,"$23,000"
P0393,2026-09-23,18-29,Male,Nashville,Master's,Full-time,54.7,6,5,7.1,3,9.5,3,Yes,No,24,"$70,000"
P0394,2026-09-23,18-29,Non-binary,Nashville,Bachelor's,Full-time,92.6,10,3,7.7,4,6.3,6,No,No,21,"$60,500"
P0395,2026-09-23,60-74,Female,Chattanooga,Bachelor's,Full-time,78.5,8,2,8.5,2,1.0,6,Yes,Yes,60,"$102,000"
P0396,2026-09-24,30-44,Male,Memphis,High School,Unemployed,,5,6,7.6,1,7.2,6,No,Yes,43,"$10,500"
P0397,2026-09-24,45-59,Female,Franklin,High School,Part-time,57.6,5,4,,1,4.8,5,No,Yes,50,
P0398,2026-09-26,60-74,Male,Franklin,Some College,Full-time,67.1,7,7,,3,4.5,7,No,No,63,"$65,500"
P0399,2026-09-27,18-29,Male,Franklin,Some College,Part-time,64.6,6,3,6.2,2,9.4,5,No,No,18,"$26,500"
P0400,2026-09-30,30-44,Non-binary,Nashville,High School,Part-time,68.5,6,2,6.2,2,5.7,6,No,No,33,"$31,500"
